Series Name,Series Code,Country Name,Country Code,1990,2000,2010,2014,2015,2016,2017,2018,2019,2020,2021,2022,2023
"PPP conversion factor, GDP (LCU per international $)",PA.NUS.PPP,Afghanistan,AFG,..,10.19986973,14.54305294,16.12780381,15.82358245,15.92365597,15.42020702,14.85623498,15.02643439,15.33524309,14.58794212,14.89797089,14.80640478
"PPP conversion factor, GDP (LCU per international $)",PA.NUS.PPP,Albania,ALB,2.338177058,42.0198484,44.20371259,42.89397387,42.69434752,42.38578098,42.25545503,42.30279458,40.55043067,40.21037315,41.20259795,39.83193815,40.69405658
"PPP conversion factor, GDP (LCU per international $)",PA.NUS.PPP,Algeria,DZA,3.126816657,15.76273657,25.73290522,33.4217802,34.16624139,36.03880866,37.45825195,38.87734985,38.38938522,37.43886566,38.76309967,44.48795989,43.30980495
"PPP conversion factor, GDP (LCU per international $)",PA.NUS.PPP,American Samoa,ASM,..,..,..,..,..,..,..,..,..,..,..,..,..
"PPP conversion factor, GDP (LCU per international $)",PA.NUS.PPP,Andorra,AND,0.481169192,0.705779895,0.735279068,0.68854509,0.686720483,0.682621757,0.678233981,0.65632801,0.641227887,0.62787878,0.604573548,0.588248185,0.60356337
"PPP conversion factor, GDP (LCU per international $)",PA.NUS.PPP,Angola,AGO,1.06E-08,2.083856182,50.04015159,66.00187576,69.58590353,82.86332664,95.83724213,111.4418106,124.4396057,146.9091339,174.0905151,184.7851379,209.7942083
"PPP conversion factor, GDP (LCU per international $)",PA.NUS.PPP,Antigua and Barbuda,ATG,1.584350369,1.688013368,1.714805668,1.935110052,2.068558697,2.096744449,2.138337374,2.011817932,1.921622276,1.855063558,1.819394827,1.808684841,1.829758868
"PPP conversion factor, GDP (LCU per international $)",PA.NUS.PPP,Argentina,ARG,0.29393947,0.664089245,2.25500158,5.461513786,6.882589712,9.322117326,10.29278564,13.52681351,20.3836689,26.88718414,38.78333282,61.49904454,139.7218704
"PPP conversion factor, GDP (LCU per international $)",PA.NUS.PPP,Armenia,ARM,0.005131181,126.5169552,160.1685897,164.5576665,172.0472008,160.2082079,154.7865906,157.3769073,147.486145,141.9405518,148.2412262,149.4262729,148.0915297
"PPP conversion factor, GDP (LCU per international $)",PA.NUS.PPP,Aruba,ABW,0.923371171,1.125862912,1.278604949,1.311720986,1.366313786,1.360014589,1.356636643,1.370605588,1.423211813,1.411908627,1.36395359,1.313380224,1.352821161
"PPP conversion factor, GDP (LCU per international $)",PA.NUS.PPP,Australia,AUS,1.364415,1.31208,1.503623,1.452489,1.474079,1.450156,1.477553,1.470403,1.459253,1.431163,1.396607,1.360655,1.369197
"PPP conversion factor, GDP (LCU per international $)",PA.NUS.PPP,Austria,AUT,0.920645,0.907505,0.842336,0.798797,0.798599,0.776931,0.775009,0.765403,0.738332,0.728799,0.721,0.701066,0.737191
"PPP conversion factor, GDP (LCU per international $)",PA.NUS.PPP,Azerbaijan,AZE,7.78E-06,0.173325525,0.319464642,0.352385194,0.373831914,0.426016726,0.498603374,0.527234912,0.489932567,0.474218667,0.457138151,0.585754827,0.513354006
"PPP conversion factor, GDP (LCU per international $)",PA.NUS.PPP,"Bahamas, The",BHS,0.981485753,0.97860486,0.925044272,0.918396825,0.955871814,0.94831267,0.929797828,0.926608264,0.931452453,0.962290525,0.977568686,0.951758898,0.976986677
"PPP conversion factor, GDP (LCU per international $)",PA.NUS.PPP,Bahrain,BHR,0.130577156,0.116982616,0.166564576,0.183168478,0.185784212,0.188678215,0.185696244,0.190370858,0.181090996,0.171287224,0.185745358,0.1869934,0.173018959
"PPP conversion factor, GDP (LCU per international $)",PA.NUS.PPP,Bangladesh,BGD,13.55557571,15.81195013,22.15153146,25.65040461,27.04661205,28.18957073,29.35134506,29.397892,29.59568214,28.70980072,28.29668808,27.74716522,28.63067779
"PPP conversion factor, GDP (LCU per international $)",PA.NUS.PPP,Barbados,BRB,1.413587335,1.548781061,1.987652847,2.171854456,2.129127613,2.11681499,2.200443745,2.162226677,2.19438386,2.318824768,2.384203434,2.240333677,2.231331947
"PPP conversion factor, GDP (LCU per international $)",PA.NUS.PPP,Belarus,BLR,8.14E-09,0.015791945,0.117179961,0.4479619,0.524063801,0.562285911,0.60713613,0.647122502,0.641350508,0.641749382,0.688632727,0.738484639,0.765357338
"PPP conversion factor, GDP (LCU per international $)",PA.NUS.PPP,Belgium,BEL,0.913792,0.9,0.836717,0.800214,0.799784,0.781011,0.775634,0.766407,0.735832,0.716165,0.720567,0.708688,0.734306
"PPP conversion factor, GDP (LCU per international $)",PA.NUS.PPP,Belize,BLZ,1.336036827,1.252041485,1.119917663,1.291502048,1.290495489,1.306701529,1.331451654,1.266050696,1.175549865,1.086958766,1.048620343,1.049823988,1.079326023
"PPP conversion factor, GDP (LCU per international $)",PA.NUS.PPP,Benin,BEN,117.7487773,207.120598,216.8848722,222.6922744,217.4563027,210.7117777,212.2662354,215.7384033,210.4048767,212.435318,211.1066742,205.2132739,204.7914967
"PPP conversion factor, GDP (LCU per international $)",PA.NUS.PPP,Bermuda,BMU,0.873403381,1.18434274,1.44221789,1.402467377,1.380702972,1.352374123,1.311136246,1.31666863,1.272723317,1.256383657,1.221463203,1.150872093,1.156515466
"PPP conversion factor, GDP (LCU per international $)",PA.NUS.PPP,Bhutan,BTN,5.664745209,11.14392486,15.37018478,18.65239098,18.55403495,18.7895935,19.15760994,19.42745781,19.51221085,18.95794678,19.61039162,19.36608415,..
"PPP conversion factor, GDP (LCU per international $)",PA.NUS.PPP,Bolivia,BOL,0.948284831,1.796245193,2.654754754,2.982221521,2.89461967,2.779299575,2.68458724,2.702014208,2.639060974,2.582664967,2.473956823,2.427654686,2.331492718
"PPP conversion factor, GDP (LCU per international $)",PA.NUS.PPP,Bosnia and Herzegovina,BIH,0.000236624,0.68516537,0.732373821,0.687205548,0.693906877,0.675566519,0.680663692,0.674437307,0.651074166,0.64298143,0.660284784,0.674625158,0.698005114
"PPP conversion factor, GDP (LCU per international $)",PA.NUS.PPP,Botswana,BWA,0.865849484,1.836378858,3.31109427,4.261119111,4.398016906,4.533646204,4.682478428,4.786637783,4.833456516,4.737116337,4.819880486,5.156777507,5.083421127
"PPP conversion factor, GDP (LCU per international $)",PA.NUS.PPP,Brazil,BRA,1.16E-05,0.757895424,1.388137023,1.824850525,2.005869311,2.155971596,2.209679127,2.197591543,2.216445208,2.264911175,2.37927413,2.411273359,2.435959116
"PPP conversion factor, GDP (LCU per international $)",PA.NUS.PPP,British Virgin Islands,VGB,..,..,..,1.064383241,1.071502049,1.055831415,1.020229697,..,..,..,..,..,..
"PPP conversion factor, GDP (LCU per international $)",PA.NUS.PPP,Brunei Darussalam,BRN,0.610851171,0.474829324,0.598894489,0.639973853,0.671476414,0.649816136,0.627636611,0.641614974,0.598504782,0.530513346,0.532498598,0.617532002,0.519210636
"PPP conversion factor, GDP (LCU per international $)",PA.NUS.PPP,Bulgaria,BGR,0.000689988,0.535964224,0.677054363,0.661229595,0.6785188,0.666664351,0.676279332,0.680100517,0.675805828,0.675201085,0.693254013,0.727682462,0.768050864
"PPP conversion factor, GDP (LCU per international $)",PA.NUS.PPP,Burkina Faso,BFA,162.6035977,197.1904761,213.3438208,227.3231965,220.2303563,209.0264836,201.5952759,208.2841949,200.7630615,199.5170898,199.7247467,197.4120155,194.3624788
"PPP conversion factor, GDP (LCU per international $)",PA.NUS.PPP,Burundi,BDI,71.22013277,186.774394,434.6733931,534.9652527,553.8459543,564.3957462,626.1676025,605.9476929,582.1962891,595.6138306,609.5991821,673.3433278,723.894519
"PPP conversion factor, GDP (LCU per international $)",PA.NUS.PPP,Cabo Verde,CPV,56.19684032,53.29871834,49.36466549,51.5741783,50.1083686,48.94341988,47.9817543,50.68048477,49.90723801,49.99317551,48.17049408,47.81694061,47.90657706
"PPP conversion factor, GDP (LCU per international $)",PA.NUS.PPP,Cambodia,KHM,73.24128294,909.8373016,1333.506629,1403.651317,1419.624906,1431.956435,1464.890991,1468.921753,1468.902588,1433.769165,1426.959839,1378.815448,1345.072605
"PPP conversion factor, GDP (LCU per international $)",PA.NUS.PPP,Cameroon,CMR,164.4772174,238.6674582,237.4833172,237.9785462,239.1783216,235.558762,230.5853882,223.1657715,214.8725128,205.1069946,193.4589539,192.9200433,194.8964458
"PPP conversion factor, GDP (LCU per international $)",PA.NUS.PPP,Canada,CAN,1.241556,1.227599,1.22182,1.230358,1.248004,1.207045,1.212304,1.206524,1.21786,1.201689,1.164052,1.152143,1.137311
"PPP conversion factor, GDP (LCU per international $)",PA.NUS.PPP,Cayman Islands,CYM,..,..,0.965408125,0.994393606,0.994372223,0.987132743,0.98079437,0.973204851,1.011659026,1.03776145,0.971421659,0.939265358,0.939650949
"PPP conversion factor, GDP (LCU per international $)",PA.NUS.PPP,Central African Republic,CAF,220.1567725,265.4569434,251.9573599,289.5238628,281.6784455,277.7713044,284.0335083,279.1550903,267.2586975,249.863266,241.8806763,239.2580737,238.7997849
"PPP conversion factor, GDP (LCU per international $)",PA.NUS.PPP,Chad,TCD,118.5049655,160.7240933,242.6375767,295.9949645,247.1739797,240.8987086,236.5829926,236.5224915,222.5734711,228.2732086,215.5109406,231.6358982,221.4960905
"PPP conversion factor, GDP (LCU per international $)",PA.NUS.PPP,Channel Islands,CHI,..,..,..,..,..,..,..,..,..,..,..,..,..
"PPP conversion factor, GDP (LCU per international $)",PA.NUS.PPP,Chile,CHL,170.538946,290.42564,359.83702,367.213907,391.360578,397.250703,397.689401,396.229413,397.674408,409.841785,422.642818,436.059188,435.895551
"PPP conversion factor, GDP (LCU per international $)",PA.NUS.PPP,China,CHN,1.693857618,2.722122054,3.32839098,3.693706981,3.781514936,3.874289636,4.040052414,4.094089985,4.059609413,4.014656544,3.987408876,3.789924404,3.636979369
"PPP conversion factor, GDP (LCU per international $)",PA.NUS.PPP,Colombia,COL,174.3542996,787.2936283,1120.764171,1226.732967,1285.027924,1298.142605,1328.016627,1322.160543,1312.630441,1270.743624,1342.721039,1376.155218,1453.585153
"PPP conversion factor, GDP (LCU per international $)",PA.NUS.PPP,Comoros,COM,165.5831481,191.6424334,216.8895514,203.6787654,199.85077,193.3370983,185.2477112,194.2283478,201.5426788,201.6755676,191.4807739,187.5708015,186.339075
"PPP conversion factor, GDP (LCU per international $)",PA.NUS.PPP,"Congo, Dem. Rep.",COD,7.34E-10,62.60207791,477.2234325,526.6711561,504.3183977,488.9378754,637.2664185,801.5734863,786.3093872,827.0042725,845.4506836,868.9442437,949.2434863
"PPP conversion factor, GDP (LCU per international $)",PA.NUS.PPP,"Congo, Rep.",COG,101.7122532,216.6194786,284.4722133,310.148249,305.8605076,308.8575622,288.9322815,267.5776978,254.9121399,240.5133362,222.7753754,245.9231195,219.4169108
"PPP conversion factor, GDP (LCU per international $)",PA.NUS.PPP,Costa Rica,CRI,33.35989217,149.1282324,336.211434,358.2966474,357.3314179,343.013617,340.991882,337.901936,324.21736,328.024138,333.986504,339.973277,327.883375
"PPP conversion factor, GDP (LCU per international $)",PA.NUS.PPP,Cote d'Ivoire,CIV,133.1627909,218.5904614,228.7388728,241.3351754,243.6352911,243.6262339,243.1855774,239.3190002,227.4831085,226.3087006,225.2888031,214.6823612,213.2816172
"PPP conversion factor, GDP (LCU per international $)",PA.NUS.PPP,Croatia,HRV,0.000840985,0.502557065,0.514192085,0.470300858,0.466048038,0.448870019,0.441257624,0.43945139,0.420468165,0.410331753,0.407645618,0.418293195,0.444573894
"PPP conversion factor, GDP (LCU per international $)",PA.NUS.PPP,Cuba,CUB,..,..,..,..,..,..,..,..,..,..,..,..,..
"PPP conversion factor, GDP (LCU per international $)",PA.NUS.PPP,Curacao,CUW,..,1.295317659,1.368679066,1.442647003,1.441806801,1.433848535,1.393792033,1.389886498,1.354688883,1.343183994,1.278984547,1.253534887,1.239077394
"PPP conversion factor, GDP (LCU per international $)",PA.NUS.PPP,Cyprus,CYP,0.56450277,0.717009879,0.700259194,0.679711147,0.662962516,0.622327873,0.615183359,0.612441025,0.588097847,0.578547228,0.585185299,0.575805694,0.592371857
"PPP conversion factor, GDP (LCU per international $)",PA.NUS.PPP,Czechia,CZE,5.564727,14.330601,13.67437,12.70321,12.934509,12.576343,12.424986,12.371528,12.097428,12.150267,12.573242,12.78564,13.211473
"PPP conversion factor, GDP (LCU per international $)",PA.NUS.PPP,Denmark,DNK,9.128273,8.670198,7.59215,7.328674,7.303397,7.079856,6.871679,6.765997,6.538391,6.365057,6.293951,6.230331,6.412601
"PPP conversion factor, GDP (LCU per international $)",PA.NUS.PPP,Djibouti,DJI,..,..,..,98.93170785,99.03637048,100.6768585,99.52359772,95.03245544,93.40950012,91.47750854,90.22789001,88.11366782,88.93539534
"PPP conversion factor, GDP (LCU per international $)",PA.NUS.PPP,Dominica,DMA,1.75573627,1.985818606,1.877378651,1.817031361,1.849294052,1.835991596,1.74907136,1.651061893,1.599572659,1.483801842,1.430598259,1.382972252,1.37319818
"PPP conversion factor, GDP (LCU per international $)",PA.NUS.PPP,Dominican Republic,DOM,3.012816567,7.000725779,17.92276395,21.01171218,20.69375237,20.2578266,20.91620255,21.688797,21.234972,21.22900391,22.1248188,22.86514051,23.48876125
"PPP conversion factor, GDP (LCU per international $)",PA.NUS.PPP,Ecuador,ECU,0.300494876,0.241180552,0.503995944,0.541231104,0.54939296,0.543826095,0.528539717,0.517270744,0.49470225,0.473994911,0.448739469,0.428073101,0.411517703
"PPP conversion factor, GDP (LCU per international $)",PA.NUS.PPP,"Egypt, Arab Rep.",EGY,0.460036472,0.85363323,1.530647431,2.129368703,2.250485684,2.499198869,3.169147015,3.581174374,3.893379688,3.695092678,3.85461998,3.973224271,4.787313518
"PPP conversion factor, GDP (LCU per international $)",PA.NUS.PPP,El Salvador,SLV,0.312351902,0.448365302,0.486574039,0.488559922,0.477749754,0.461390404,0.44841367,0.454547405,0.442782253,0.425564259,0.429484785,0.429539957,0.425934641
"PPP conversion factor, GDP (LCU per international $)",PA.NUS.PPP,Equatorial Guinea,GNQ,140.0164036,159.4725892,259.4277081,282.4884764,275.2568406,265.2820446,245.9704742,244.4173737,242.3279877,242.5738525,228.967514,260.9648327,232.6363289
"PPP conversion factor, GDP (LCU per international $)",PA.NUS.PPP,Eritrea,ERI,..,1.942189447,5.188798387,6.028778011,5.771684116,5.740963008,5.392687798,4.960841396,4.690914663,5.014288098,4.938478947,..,..
"PPP conversion factor, GDP (LCU per international $)",PA.NUS.PPP,Estonia,EST,0.004518953,0.46886,0.512185,0.52689,0.537436,0.527849,0.534908,0.538757,0.52869,0.515202,0.534583,0.565679,0.597148
"PPP conversion factor, GDP (LCU per international $)",PA.NUS.PPP,Eswatini,SWZ,0.997676105,2.543233408,3.92604973,4.892111656,5.194818611,5.614289341,5.982950211,6.162479877,6.114834309,6.119993687,5.895362854,6.040445596,5.925106082
"PPP conversion factor, GDP (LCU per international $)",PA.NUS.PPP,Ethiopia,ETH,1.30103355,2.102257563,4.28061851,7.066470211,7.654185969,7.910324952,8.336392403,9.31989193,10.36759758,11.79116535,13.73111248,17.26072559,22.16283137
"PPP conversion factor, GDP (LCU per international $)",PA.NUS.PPP,Faroe Islands,FRO,..,..,6.777633964,6.348191513,6.59667125,7.048606473,6.950629711,6.699643431,6.760001998,6.605008779,6.377927303,6.297535264,6.326397117
"PPP conversion factor, GDP (LCU per international $)",PA.NUS.PPP,Fiji,FJI,0.647576258,0.755429162,0.885114988,0.932632883,0.911280754,0.937498468,0.939452171,0.960431039,0.97249794,0.935144365,0.910048425,0.87027984,0.874490052
"PPP conversion factor, GDP (LCU per international $)",PA.NUS.PPP,Finland,FIN,1.00593,0.983998,0.900632,0.90721,0.907504,0.880895,0.863657,0.853746,0.826328,0.802112,0.791253,0.781452,0.794931
"PPP conversion factor, GDP (LCU per international $)",PA.NUS.PPP,France,FRA,1.025598,0.930251,0.85478,0.807565,0.808478,0.780044,0.770109,0.756166,0.705954,0.693052,0.704582,0.695004,0.710572
"PPP conversion factor, GDP (LCU per international $)",PA.NUS.PPP,French Polynesia,PYF,..,..,..,..,..,..,..,..,..,..,..,..,..
"PPP conversion factor, GDP (LCU per international $)",PA.NUS.PPP,Gabon,GAB,146.7791357,226.0422634,295.0382859,305.8664916,291.2216719,282.6792418,271.6261597,274.4210815,273.3522034,262.6354675,244.9225464,262.363873,228.0169649
"PPP conversion factor, GDP (LCU per international $)",PA.NUS.PPP,"Gambia, The",GMB,2.362228505,2.961087124,9.898633802,12.25860851,13.23113423,14.00850761,14.68756771,14.72011948,15.25997925,14.65876198,14.74182224,14.974048,16.70902842
"PPP conversion factor, GDP (LCU per international $)",PA.NUS.PPP,Georgia,GEO,5.43E-07,0.475842923,0.758468684,0.724575738,0.755844017,0.750560318,0.808301926,0.810541391,0.797049463,0.796508133,0.86562115,0.873749522,0.868264956
"PPP conversion factor, GDP (LCU per international $)",PA.NUS.PPP,Germany,DEU,0.947328,0.943092,0.80518,0.768937,0.777913,0.752608,0.744783,0.735448,0.717745,0.706836,0.707335,0.698667,0.728102
"PPP conversion factor, GDP (LCU per international $)",PA.NUS.PPP,Ghana,GHA,0.017222948,0.130311081,0.624646347,1.025692312,1.231947858,1.492734307,1.693591118,1.819233775,1.900217533,2.032516718,2.148745775,2.570730101,3.302293671
"PPP conversion factor, GDP (LCU per international $)",PA.NUS.PPP,Gibraltar,GIB,..,..,..,..,..,..,..,..,..,..,..,..,..
"PPP conversion factor, GDP (LCU per international $)",PA.NUS.PPP,Greece,GRC,0.335725,0.669688,0.722101,0.611135,0.608907,0.58858,0.575041,0.564857,0.540972,0.530251,0.521282,0.511485,0.526881
"PPP conversion factor, GDP (LCU per international $)",PA.NUS.PPP,Greenland,GRL,5.539993249,5.18815105,4.961424884,5.010101847,5.368323272,5.505918886,5.585740089,5.572713683,5.532531364,5.516859437,5.27412653,..,..
"PPP conversion factor, GDP (LCU per international $)",PA.NUS.PPP,Grenada,GRD,1.652636026,1.788670759,1.80348339,1.763326754,1.776404427,1.781242962,1.750419497,1.704187632,1.717703104,1.686156631,1.698250771,1.610991055,1.614484317
"PPP conversion factor, GDP (LCU per international $)",PA.NUS.PPP,Guam,GUM,..,..,..,..,..,..,..,..,..,..,..,..,..
"PPP conversion factor, GDP (LCU per international $)",PA.NUS.PPP,Guatemala,GTM,1.001899841,2.381854818,3.472164811,3.463215908,3.336025779,3.353478465,3.324187033,3.290556803,3.228698042,3.158255755,3.213164806,3.188744127,3.282434537
"PPP conversion factor, GDP (LCU per international $)",PA.NUS.PPP,Guinea,GIN,458.1617462,756.9397001,2327.710319,2865.039211,2899.107852,2831.134954,2819.405518,2956.568604,3049.657715,3024.846191,3108.34375,2982.886584,2992.203571
"PPP conversion factor, GDP (LCU per international $)",PA.NUS.PPP,Guinea-Bissau,GNB,26.57381555,221.9951711,216.8175827,221.1271997,220.4530136,220.7736592,218.4277802,218.2228546,211.4972992,208.3401642,203.7161255,198.1726231,201.60053
"PPP conversion factor, GDP (LCU per international $)",PA.NUS.PPP,Guyana,GUY,17.27428062,72.48258557,99.93049395,101.3754122,102.0947966,105.2706123,104.2122955,100.9724655,100.8698196,83.99428558,89.91506958,94.05368767,79.10480438
"PPP conversion factor, GDP (LCU per international $)",PA.NUS.PPP,Haiti,HTI,1.767390763,7.225191466,18.09471033,21.18490118,22.64506787,24.46493118,27.42480278,30.61845398,35.14567566,41.55395889,47.49952698,57.72920512,73.28377398
"PPP conversion factor, GDP (LCU per international $)",PA.NUS.PPP,Honduras,HND,1.969911216,6.266596382,9.520735947,10.2576083,10.28602947,10.15939882,10.08325863,10.45760155,10.60140419,10.53457642,10.58992386,10.80570848,11.07483284
"PPP conversion factor, GDP (LCU per international $)",PA.NUS.PPP,"Hong Kong SAR, China",HKG,5.755580875,7.109958594,5.1402348,5.734369908,5.869123013,5.980741949,6.070400238,6.247290611,6.18961668,6.147001743,5.872040749,5.573826316,5.529673916
"PPP conversion factor, GDP (LCU per international $)",PA.NUS.PPP,Hungary,HUN,22.92519996,110.072623,126.432497,129.414974,132.517954,132.033797,136.036522,139.092451,138.79714,141.838435,148.485236,156.609005,174.101839
"PPP conversion factor, GDP (LCU per international $)",PA.NUS.PPP,Iceland,ISL,67.341808,84.722798,132.90391,138.547869,141.936844,140.02995,138.277175,140.970278,138.667852,143.25338,142.71701,138.518752,144.241483
"PPP conversion factor, GDP (LCU per international $)",PA.NUS.PPP,India,IND,5.495488411,9.674133405,14.59563226,18.30076662,19.11544121,19.7442391,20.45557785,20.47459602,20.23950005,20.31936646,20.72789574,20.65399089,20.20255847
"PPP conversion factor, GDP (LCU per international $)",PA.NUS.PPP,Indonesia,IDN,350.1769831,1386.451585,3336.15075,4056.662662,4390.646497,4566.570668,4756.168945,4833.599121,4847.445313,4791.006836,4808.429199,4917.821426,4819.78068
"PPP conversion factor, GDP (LCU per international $)",PA.NUS.PPP,"Iran, Islamic Rep.",IRN,96.67392178,950.1902584,3925.111954,9758.553711,10701.56152,11796.81055,13061.29492,16923.19922,23549.04102,32954.58594,50488.17188,70968.08297,89391.8127
"PPP conversion factor, GDP (LCU per international $)",PA.NUS.PPP,Iraq,IRQ,..,193.4440334,428.3741289,553.360836,555.2675008,563.8148325,552.9022827,554.9608765,547.3392334,484.26474,554.4653931,657.2764601,519.0444804
"PPP conversion factor, GDP (LCU per international $)",PA.NUS.PPP,Ireland,IRL,0.784333,0.943829,0.84965,0.819041,0.809469,0.794289,0.794405,0.792214,0.794143,0.775446,0.752574,0.734857,0.771239
"PPP conversion factor, GDP (LCU per international $)",PA.NUS.PPP,Isle of Man,IMN,..,..,..,..,..,..,..,..,..,..,..,..,..
"PPP conversion factor, GDP (LCU per international $)",PA.NUS.PPP,Israel,ISR,1.709394,3.432626,3.990721,3.940387,3.924124,3.788511,3.751633,3.784664,3.816864,3.746701,3.656312,3.44512,3.566703
"PPP conversion factor, GDP (LCU per international $)",PA.NUS.PPP,Italy,ITA,0.691921,0.805259,0.773262,0.739644,0.738495,0.700544,0.689895,0.681219,0.647298,0.632292,0.625922,0.60245,0.625682
"PPP conversion factor, GDP (LCU per international $)",PA.NUS.PPP,Jamaica,JAM,2.745368928,22.96478771,51.90640859,63.1997713,65.90626964,66.67552449,68.5327301,71.63314056,74.13214111,77.28101349,81.32698059,85.63006606,92.31539991
"PPP conversion factor, GDP (LCU per international $)",PA.NUS.PPP,Japan,JPN,187.613076,154.691385,111.709563,103.052076,103.449739,105.519502,105.101901,104.158636,103.231509,100.742048,99.13934,94.438546,95.096275
"PPP conversion factor, GDP (LCU per international $)",PA.NUS.PPP,Jordan,JOR,0.176581997,0.197417155,0.280366412,0.325406556,0.320099445,0.323572038,0.311540961,0.32549578,0.314005554,0.298109263,0.3234725,0.309844472,0.304436983
"PPP conversion factor, GDP (LCU per international $)",PA.NUS.PPP,Kazakhstan,KAZ,0.000686289,22.60976239,69.50526623,92.95147681,100.5485038,111.098913,121.6137848,130.108551,126.1687546,124.8751755,129.0630035,144.2903259,153.0080872
"PPP conversion factor, GDP (LCU per international $)",PA.NUS.PPP,Kenya,KEN,8.464453819,21.71317434,32.82276697,38.80719425,39.74619238,40.27688517,41.27944946,42.1700058,42.65595245,42.81653976,42.33165359,42.26352021,43.2872478
"PPP conversion factor, GDP (LCU per international $)",PA.NUS.PPP,Kiribati,KIR,0.524738874,0.890213944,0.962229318,0.92443194,0.944685061,0.951856117,0.943685444,0.958180989,0.911646579,0.939799715,0.983889723,0.896025834,0.894037028
"PPP conversion factor, GDP (LCU per international $)",PA.NUS.PPP,"Korea, Dem. People's Rep.",PRK,..,..,..,..,..,..,..,..,..,..,..,..,..
"PPP conversion factor, GDP (LCU per international $)",PA.NUS.PPP,"Korea, Rep.",KOR,559.920181,747.736794,840.991702,871.878106,857.368025,858.809687,872.624771,854.871397,847.547829,829.359157,836.818048,823.67295,836.252596
"PPP conversion factor, GDP (LCU per international $)",PA.NUS.PPP,Kosovo,XKX,..,..,0.313896406,0.358213027,0.364103,0.370901882,0.378328005,0.370546697,0.363172821,0.359145199,0.360406752,0.360639657,0.364000294
"PPP conversion factor, GDP (LCU per international $)",PA.NUS.PPP,Kuwait,KWT,0.102395901,0.100833117,0.14947985,0.184760306,0.198600795,0.197206611,0.189230144,0.188494757,0.189867646,0.186391652,0.202588081,0.224713104,0.200950623
"PPP conversion factor, GDP (LCU per international $)",PA.NUS.PPP,Kyrgyz Republic,KGZ,0.003831634,7.166342425,13.10585275,16.04632376,17.16017107,16.75466136,16.97979164,18.4928894,18.70968056,18.3638649,19.918993,22.24833526,24.35666622
"PPP conversion factor, GDP (LCU per international $)",PA.NUS.PPP,Lao PDR,LAO,140.3834751,1399.816699,2463.637223,2747.665717,2832.497581,2775.053749,2808.074951,2855.975342,2902.381348,2953.514404,3031.696777,3276.32969,3934.873608
"PPP conversion factor, GDP (LCU per international $)",PA.NUS.PPP,Latvia,LVA,0.004731845,0.36081,0.487086,0.49756,0.497436,0.484534,0.484535,0.489931,0.479802,0.469668,0.464531,0.481082,0.502885
"PPP conversion factor, GDP (LCU per international $)",PA.NUS.PPP,Lebanon,LBN,183.5215365,757.141205,781.8423633,707.7688883,682.2181284,643.8123447,619.0128895,629.0792236,637.4685059,1261.380493,4099.507813,8118.292366,..
"PPP conversion factor, GDP (LCU per international $)",PA.NUS.PPP,Lesotho,LSO,1.115999134,2.413979815,3.806158747,4.59576909,4.713989734,4.962021791,5.440633297,5.88551569,6.087206364,5.907959938,6.194139481,6.10166196,5.868046593
"PPP conversion factor, GDP (LCU per international $)",PA.NUS.PPP,Liberia,LBR,0.219786316,0.309184509,0.502238238,0.498116481,0.516691388,0.479498014,0.41999536,0.384615516,0.346489368,0.371666181,0.433967147,0.440192225,0.4301325
"PPP conversion factor, GDP (LCU per international $)",PA.NUS.PPP,Libya,LBY,0.107222871,0.179220682,0.486070535,0.648675126,0.575411508,0.616923074,0.770584822,0.809508692,0.860261436,0.843019121,1.762639523,2.347846267,2.145242542
"PPP conversion factor, GDP (LCU per international $)",PA.NUS.PPP,Liechtenstein,LIE,..,..,..,..,..,..,..,..,..,..,..,..,..
"PPP conversion factor, GDP (LCU per international $)",PA.NUS.PPP,Lithuania,LTU,0.001313114,0.451667,0.450451,0.442622,0.445738,0.438439,0.442718,0.44662,0.431815,0.433452,0.440353,0.472136,0.506025
"PPP conversion factor, GDP (LCU per international $)",PA.NUS.PPP,Luxembourg,LUX,0.926284,0.955731,0.925799,0.884138,0.881025,0.851894,0.84831,0.848866,0.829429,0.838162,0.83508,0.82009,0.855511
"PPP conversion factor, GDP (LCU per international $)",PA.NUS.PPP,"Macao SAR, China",MAC,2.782391325,3.639506726,4.215609934,4.860661983,5.137023449,5.117854118,5.154916286,5.212246777,5.243464455,5.162554779,4.897174411,4.624331467,4.670654753
"PPP conversion factor, GDP (LCU per international $)",PA.NUS.PPP,Madagascar,MDG,83.58747069,306.9798713,642.4702827,814.7194089,872.8717767,923.4951219,990.8403931,1079.0802,1121.694458,1145.665649,1173.855225,1171.701947,1229.329814
"PPP conversion factor, GDP (LCU per international $)",PA.NUS.PPP,Malawi,MWI,1.464685441,17.97298067,70.52742878,149.4388837,192.1409471,229.4150819,262.3086548,286.320282,298.6713562,298.3864441,294.8579102,322.484217,382.2764917
"PPP conversion factor, GDP (LCU per international $)",PA.NUS.PPP,Malaysia,MYS,0.969632027,1.191147896,1.41955052,1.482936362,1.536420748,1.554682387,1.605616093,1.582747102,1.563443661,1.523446202,1.5147717,1.504506386,1.425058981
"PPP conversion factor, GDP (LCU per international $)",PA.NUS.PPP,Maldives,MDV,2.018254173,3.055637391,7.124127891,8.183590072,8.2912451,8.14523105,8.180505753,8.028241158,7.82544136,8.471082687,8.210669518,7.92582354,7.794682994
"PPP conversion factor, GDP (LCU per international $)",PA.NUS.PPP,Mali,MLI,129.2301792,169.5281808,196.5971287,214.2180457,212.6414644,204.2139066,205.8392029,206.1663818,201.9513855,201.4440308,203.7225342,201.0570965,198.393518
"PPP conversion factor, GDP (LCU per international $)",PA.NUS.PPP,Malta,MLT,0.569636321,0.57998179,0.572575847,0.586359417,0.599539803,0.583017317,0.58642298,0.586719257,0.56353787,0.557544407,0.567080314,0.569161767,0.590611606
"PPP conversion factor, GDP (LCU per international $)",PA.NUS.PPP,Marshall Islands,MHL,0.836403169,0.909565842,0.891188318,0.95011774,0.912532536,0.968749496,0.973199813,0.928503482,0.875481426,0.922599714,0.933302763,0.862325379,0.886641985
"PPP conversion factor, GDP (LCU per international $)",PA.NUS.PPP,Mauritania,MRT,3.726701222,6.854338857,13.98764814,13.41659545,12.6922364,11.78230238,10.79906845,11.32204723,11.55683422,11.63316822,12.03512001,11.16538738,11.14093158
"PPP conversion factor, GDP (LCU per international $)",PA.NUS.PPP,Mauritius,MUS,7.639758745,11.59038091,15.6845694,16.64886072,16.65629111,16.34486294,16.54456711,17.12804413,16.8357048,16.62539482,16.629076,17.00727012,17.81323005
"PPP conversion factor, GDP (LCU per international $)",PA.NUS.PPP,Mexico,MEX,1.349533,6.078397,7.727342,8.045318,8.325895,8.446043,8.913552,9.276363,9.528366,9.814966,10.06376,9.817976,9.888037
"PPP conversion factor, GDP (LCU per international $)",PA.NUS.PPP,"Micronesia, Fed. Sts.",FSM,0.864057527,0.873362605,0.883339899,0.926551735,0.869832031,0.880549626,0.947756064,1.011698793,0.961120672,0.913464698,0.890901901,0.924097248,0.946806211
"PPP conversion factor, GDP (LCU per international $)",PA.NUS.PPP,Moldova,MDA,0.000742998,2.134588616,4.712711234,5.342622212,5.625626285,5.493488944,5.677343369,5.884372711,5.771692753,5.603167534,5.946758747,6.619746742,6.946266291
"PPP conversion factor, GDP (LCU per international $)",PA.NUS.PPP,Monaco,MCO,..,..,..,..,..,..,..,..,..,..,..,..,..
"PPP conversion factor, GDP (LCU per international $)",PA.NUS.PPP,Mongolia,MNG,1.753478738,137.0497867,473.0174579,688.1736089,723.2398955,737.0713621,801.6688232,824.5257568,851.149353,822.0648193,870.1847534,956.1658209,1123.872496
"PPP conversion factor, GDP (LCU per international $)",PA.NUS.PPP,Montenegro,MNE,..,0.293479236,0.370047948,0.361785439,0.359542735,0.34914212,0.350954112,0.348353858,0.329691976,0.320724189,0.332782995,0.344523027,0.365897321
"PPP conversion factor, GDP (LCU per international $)",PA.NUS.PPP,Morocco,MAR,4.057606446,4.053081841,3.770619256,3.990338816,3.939055643,3.922472086,3.937086105,4.213162422,4.192975521,4.028110504,3.946280718,3.781709013,3.882552169
"PPP conversion factor, GDP (LCU per international $)",PA.NUS.PPP,Mozambique,MOZ,0.844097821,10.55415569,16.84645773,18.74829903,18.52346546,20.18601276,23.34384537,23.55126572,23.37877464,22.75609589,22.90715408,23.33954039,23.7231957
"PPP conversion factor, GDP (LCU per international $)",PA.NUS.PPP,Myanmar,MMR,8.650965026,59.40786139,242.3344525,293.9769791,318.9356655,347.0122667,366.6393127,343.6014404,350.6853333,354.559967,410.4725952,406.7722151,435.0004271
"PPP conversion factor, GDP (LCU per international $)",PA.NUS.PPP,Namibia,NAM,1.423778051,2.918324298,4.651669028,5.6261276,5.876198853,6.338653369,6.92160368,7.129662991,7.114708424,6.826316357,6.716983795,6.674245946,6.855615149
"PPP conversion factor, GDP (LCU per international $)",PA.NUS.PPP,Nauru,NRU,0.456450209,0.712350798,0.94864796,1.015777192,0.924016376,1.155598864,1.304690907,1.511081906,1.416255494,1.458217018,1.646697666,1.371079997,1.394577007
"PPP conversion factor, GDP (LCU per international $)",PA.NUS.PPP,Nepal,NPL,6.854543843,12.60363684,20.39255657,27.80819066,29.45492094,31.34876508,30.47510529,31.11036491,31.87537575,31.6953373,32.48167801,32.81874902,33.394592
"PPP conversion factor, GDP (LCU per international $)",PA.NUS.PPP,Netherlands,NLD,0.918099,0.890437,0.854194,0.808798,0.809761,0.795448,0.78215,0.776747,0.767329,0.747828,0.742205,0.728328,0.764616
"PPP conversion factor, GDP (LCU per international $)",PA.NUS.PPP,New Caledonia,NCL,..,..,..,..,..,..,..,..,..,..,..,..,..
"PPP conversion factor, GDP (LCU per international $)",PA.NUS.PPP,New Zealand,NZL,1.53733,1.444836,1.497331,1.44073,1.475468,1.441008,1.430959,1.47006,1.436661,1.422947,1.463137,1.432916,1.4701
"PPP conversion factor, GDP (LCU per international $)",PA.NUS.PPP,Nicaragua,NIC,0.062826289,4.598318088,8.065421441,10.03150896,10.37699565,10.37183496,10.53589439,10.81957912,10.84630489,10.61035728,10.56432343,10.726854,11.45892787
"PPP conversion factor, GDP (LCU per international $)",PA.NUS.PPP,Niger,NER,156.1469998,180.9915979,221.976991,240.3512089,244.9508674,250.6456627,250.7884521,251.8530273,231.8972168,222.843277,212.8881378,206.7069776,206.2870259
"PPP conversion factor, GDP (LCU per international $)",PA.NUS.PPP,Nigeria,NGA,2.349652037,23.32465009,73.24002796,92.31954247,96.18936553,104.4999522,114.8244934,123.9148254,129.6474457,134.6390991,146.7176819,152.4448817,165.7229162
"PPP conversion factor, GDP (LCU per international $)",PA.NUS.PPP,North Macedonia,MKD,0.048216619,19.94385756,18.73350704,18.99589657,19.435471,18.95866518,18.97013237,18.95107209,18.25597237,18.06306467,17.94684191,18.52726927,20.1883065
"PPP conversion factor, GDP (LCU per international $)",PA.NUS.PPP,Northern Mariana Islands,MNP,..,..,..,..,..,..,..,..,..,..,..,..,..
"PPP conversion factor, GDP (LCU per international $)",PA.NUS.PPP,Norway,NOR,9.583006,9.085403,9.152811,9.278458,9.929852,10.0419,9.74983,9.583999,9.481152,9.588324,8.992823,8.537696,9.226233
"PPP conversion factor, GDP (LCU per international $)",PA.NUS.PPP,Oman,OMN,0.107839823,0.09508226,0.162801261,0.201313489,0.200559125,0.197362899,0.203804806,0.20254527,0.197977468,0.18353723,0.192684263,0.210418995,0.19487229
"PPP conversion factor, GDP (LCU per international $)",PA.NUS.PPP,Pakistan,PAK,6.298030401,12.95531948,21.88511202,30.24798955,31.25346118,32.1021392,33.24623489,34.6823616,37.67061996,40.07473373,43.44072342,46.20115913,56.19136814
"PPP conversion factor, GDP (LCU per international $)",PA.NUS.PPP,Palau,PLW,0.666676671,0.765058737,0.760587267,0.844949848,0.887232281,0.944497541,0.918241558,0.905940767,0.869093156,0.838162241,0.846393352,0.867992324,0.906895733
"PPP conversion factor, GDP (LCU per international $)",PA.NUS.PPP,Panama,PAN,0.510099285,0.490916127,0.535008643,0.542055921,0.516884225,0.489893444,0.46803081,0.497522056,0.495729208,0.491933197,0.501403868,0.478200205,0.469468516
"PPP conversion factor, GDP (LCU per international $)",PA.NUS.PPP,Papua New Guinea,PNG,0.727106172,1.256026157,1.817688789,1.915327904,1.87435315,1.90345749,2.013949002,2.161744587,2.149235571,2.155718857,2.300633685,2.47027408,2.298103248
"PPP conversion factor, GDP (LCU per international $)",PA.NUS.PPP,Paraguay,PRY,314.2049427,872.5037239,2065.303559,2354.522582,2413.540976,2456.88392,2473.229736,2537.227051,2567.449463,2538.992432,2628.084473,2650.775936,2611.637081
"PPP conversion factor, GDP (LCU per international $)",PA.NUS.PPP,Peru,PER,0.073761896,1.354623329,1.475221832,1.643403283,1.710676072,1.738930249,1.744237781,1.753717899,1.731280804,1.70620811,1.733540058,1.69530233,1.743870424
"PPP conversion factor, GDP (LCU per international $)",PA.NUS.PPP,Philippines,PHL,7.487095497,13.79767945,17.77448136,19.02805664,19.20535001,19.2036679,19.6985569,19.96451378,19.73829651,19.44143486,19.37526512,19.07850677,19.26231405
"PPP conversion factor, GDP (LCU per international $)",PA.NUS.PPP,Poland,POL,0.266082,1.832933,1.805127,1.767142,1.764643,1.732843,1.742879,1.748426,1.698557,1.698184,1.754373,1.829168,1.996096
"PPP conversion factor, GDP (LCU per international $)",PA.NUS.PPP,Portugal,PRT,0.476282,0.661032,0.62323,0.578868,0.58479,0.571416,0.575688,0.571227,0.550687,0.542815,0.54096,0.525164,0.535429
"PPP conversion factor, GDP (LCU per international $)",PA.NUS.PPP,Puerto Rico,PRI,0.645231036,0.705907474,0.854607174,0.882221594,0.904666889,0.929672823,0.951732039,0.910205299,0.878866149,0.852639704,0.804228127,0.773476166,0.77076648
"PPP conversion factor, GDP (LCU per international $)",PA.NUS.PPP,Qatar,QAT,1.093567578,1.128076699,1.857546296,2.350980468,2.448721749,2.479168335,2.3182621,2.350074291,2.263225555,2.290072203,2.235479832,2.626684156,2.264321041
"PPP conversion factor, GDP (LCU per international $)",PA.NUS.PPP,Romania,ROU,0.000700724,0.616103858,1.537904858,1.628369201,1.662425547,1.596923177,1.613571937,1.665588541,1.636783388,1.614636564,1.653952062,1.729215145,1.843826861
"PPP conversion factor, GDP (LCU per international $)",PA.NUS.PPP,Russian Federation,RUS,0.000542317,7.301404,15.821142,20.998875,23.562632,24.192337,24.124181,24.542904,23.93427467,23.1451683,23.68514633,25.80445946,26.67007059
"PPP conversion factor, GDP (LCU per international $)",PA.NUS.PPP,Rwanda,RWA,60.72922414,161.0996154,263.4134862,294.913953,296.7167686,307.7144355,320.420105,312.6655273,311.8612061,321.4724426,300.0285034,324.6319588,345.0995472
"PPP conversion factor, GDP (LCU per international $)",PA.NUS.PPP,Samoa,WSM,0.799826753,1.477869203,1.710389606,1.691692671,1.742590655,1.764934998,1.739171245,1.718882391,1.716329368,1.71454707,1.633100278,1.610369638,1.689840018
"PPP conversion factor, GDP (LCU per international $)",PA.NUS.PPP,San Marino,SMR,..,0.757919581,0.723805033,0.729271897,0.744308864,0.755666151,0.762517095,0.74555036,0.725066229,0.704549975,0.707382143,0.678561068,..
"PPP conversion factor, GDP (LCU per international $)",PA.NUS.PPP,Sao Tome and Principe,STP,0.092422265,2.30618653,6.791425128,8.5666147,9.104483202,9.630696047,9.921541214,9.684535027,9.16576767,9.128153801,8.599293709,9.293723966,10.91657015
"PPP conversion factor, GDP (LCU per international $)",PA.NUS.PPP,Saudi Arabia,SAU,0.894990139,0.902245483,1.402870607,1.666247736,1.617082202,1.672183845,1.689270854,1.85423243,1.861568213,1.920739055,1.909426093,2.102891029,1.969666388
"PPP conversion factor, GDP (LCU per international $)",PA.NUS.PPP,Senegal,SEN,172.2601923,218.2175102,237.1074997,242.0322961,240.4916697,242.008809,243.5838013,238.6880493,229.8673401,224.0872345,212.3305511,215.4985496,216.0257343
"PPP conversion factor, GDP (LCU per international $)",PA.NUS.PPP,Serbia,SRB,..,9.598711997,34.8394193,39.802032,40.72646789,40.45509077,40.8209048,41.00422978,39.64954266,39.7604222,41.14590416,42.68393293,46.43028828
"PPP conversion factor, GDP (LCU per international $)",PA.NUS.PPP,Seychelles,SYC,3.362519629,3.147586957,6.951892387,7.748970496,8.026026122,7.658696287,7.777408123,7.993576527,7.849941254,7.965042591,8.456309319,8.013711387,7.66322977
"PPP conversion factor, GDP (LCU per international $)",PA.NUS.PPP,Sierra Leone,SLE,0.029749116,0.424625197,1.41012633,1.830859287,1.912536064,2.015741651,2.300201416,2.541012939,2.811343262,3.055827148,3.243864014,3.844099759,4.79466308
"PPP conversion factor, GDP (LCU per international $)",PA.NUS.PPP,Singapore,SGP,0.97139735,0.939246682,0.854205842,0.862601523,0.877768679,0.876020604,0.883214712,0.867735684,0.854120195,0.834628344,0.811010361,0.859072077,0.803783618
"PPP conversion factor, GDP (LCU per international $)",PA.NUS.PPP,Sint Maarten (Dutch part),SXM,..,..,1.369680089,1.527580363,1.51909832,1.489179648,1.396499991,1.362629414,1.365002275,1.38735342,1.43830955,1.389054698,1.367933365
"PPP conversion factor, GDP (LCU per international $)",PA.NUS.PPP,Slovak Republic,SVK,0.222355137,0.516385,0.502173,0.485412,0.491417,0.503194,0.516433,0.526001,0.510067,0.48909,0.48844,0.493403,0.520553
"PPP conversion factor, GDP (LCU per international $)",PA.NUS.PPP,Slovenia,SVN,0.034748,0.526511,0.63801,0.591238,0.595138,0.577106,0.570149,0.567612,0.544192,0.532257,0.537962,0.527948,0.560446
"PPP conversion factor, GDP (LCU per international $)",PA.NUS.PPP,Solomon Islands,SLB,1.890414776,3.823877889,6.227584279,6.716304127,6.877991665,6.836745645,6.889529176,7.264478493,7.235237573,7.045679015,6.367110957,6.063233792,6.080241726
"PPP conversion factor, GDP (LCU per international $)",PA.NUS.PPP,Somalia,SOM,651.1463069,7912.759257,8408.934393,7703.878776,7392.4201,7238.5441,7390.984523,7866.176888,8740.898287,9178.746316,10268.41727,10343.6298,10440.88482
"PPP conversion factor, GDP (LCU per international $)",PA.NUS.PPP,South Africa,ZAF,1.258441169,2.75855373,4.619309414,5.566094923,5.817177329,6.148418341,6.413336754,6.855415344,7.06522131,7.248924255,7.37613821,7.228999653,7.313144846
"PPP conversion factor, GDP (LCU per international $)",PA.NUS.PPP,South Sudan,SSD,..,..,1.17140595,2.670588427,3.370950535,13.58484086,37.19075775,..,..,..,126.7430496,..,..
"PPP conversion factor, GDP (LCU per international $)",PA.NUS.PPP,Spain,ESP,0.618359,0.739777,0.72705,0.662359,0.664562,0.642644,0.630839,0.631798,0.604131,0.606275,0.589002,0.570054,0.583709
"PPP conversion factor, GDP (LCU per international $)",PA.NUS.PPP,Sri Lanka,LKA,9.956479794,19.08519733,38.56461533,44.24623885,45.11238913,46.1923261,49.27409363,49.96760178,51.70858765,55.16009521,55.52654648,76.43229699,86.70269335
"PPP conversion factor, GDP (LCU per international $)",PA.NUS.PPP,St. Kitts and Nevis,KNA,1.486415004,1.638136712,1.89443693,2.040409253,2.042147869,2.046675735,2.050651789,2.007921219,1.961321473,1.863400578,1.843171954,1.779351799,1.805909828
"PPP conversion factor, GDP (LCU per international $)",PA.NUS.PPP,St. Lucia,LCA,1.601670198,1.704452717,1.841433277,1.883000914,1.944125262,1.876491622,1.896934867,1.803174615,1.701983571,1.522911668,1.47842586,1.438274457,1.408998221
"PPP conversion factor, GDP (LCU per international $)",PA.NUS.PPP,St. Martin (French part),MAF,..,..,..,..,..,..,..,..,..,..,..,..,..
"PPP conversion factor, GDP (LCU per international $)",PA.NUS.PPP,St. Vincent and the Grenadines,VCT,1.397172673,1.491813962,1.675011705,1.594965611,1.60395333,1.532120348,1.588731766,1.549092889,1.538480282,1.470224857,1.440133214,1.390052417,1.395885801
"PPP conversion factor, GDP (LCU per international $)",PA.NUS.PPP,Sudan,SDN,0.003853794,0.355855776,0.994932969,2.664290639,3.034035277,3.466892025,4.772955418,7.085268974,10.97369194,25.95143127,85.72268677,173.5379308,525.5229716
"PPP conversion factor, GDP (LCU per international $)",PA.NUS.PPP,Suriname,SUR,0.002054017,0.452321775,1.67250223,1.810927508,1.820235095,2.428665006,2.578414679,2.785877228,2.649446487,3.731323957,5.368227959,7.487558448,9.559694017
"PPP conversion factor, GDP (LCU per international $)",PA.NUS.PPP,Sweden,SWE,8.871508,9.163089,9.026183,8.727131,8.852008,8.822586,8.852247,8.865881,8.584015,8.435616,8.371291,8.433179,8.788485
"PPP conversion factor, GDP (LCU per international $)",PA.NUS.PPP,Switzerland,CHE,1.932927,1.78866,1.466316,1.281761,1.235456,1.201964,1.187726,1.178866,1.133809,1.104751,1.057667,0.987743,1.001601
"PPP conversion factor, GDP (LCU per international $)",PA.NUS.PPP,Syrian Arab Republic,SYR,..,..,..,..,..,..,132.9959106,141.6033325,163.0274353,237.00914,417.3224182,826.4046628,..
"PPP conversion factor, GDP (LCU per international $)",PA.NUS.PPP,Tajikistan,TJK,5.23E-06,0.274378745,1.409285194,1.694372735,1.982068464,2.120927498,2.350559235,2.487616777,2.399198294,2.356817722,2.544257879,2.571160977,2.53616258
"PPP conversion factor, GDP (LCU per international $)",PA.NUS.PPP,Tanzania,TZA,51.35083553,276.2986943,496.744243,760.901227,806.4526603,852.1666994,889.4487305,849.0432129,815.9642944,779.0391846,762.958374,731.8582793,725.8522896
"PPP conversion factor, GDP (LCU per international $)",PA.NUS.PPP,Thailand,THA,8.963130682,11.03885211,12.18660245,12.26280799,12.33792186,12.35085342,12.38575745,12.15261173,11.82858467,11.40729523,11.14812756,10.9022822,10.65201483
"PPP conversion factor, GDP (LCU per international $)",PA.NUS.PPP,Timor-Leste,TLS,0.246061699,0.332030495,0.415817434,0.428254989,0.424637954,0.393877192,0.365617901,0.342422766,0.342878394,0.265956835,0.393393219,0.40929003,0.31276629
"PPP conversion factor, GDP (LCU per international $)",PA.NUS.PPP,Togo,TGO,141.039777,221.4184076,226.9428826,234.2853971,236.2282259,236.8616371,231.8401794,228.7066803,218.5904236,208.4675446,202.174469,196.5625713,194.6579603
"PPP conversion factor, GDP (LCU per international $)",PA.NUS.PPP,Tonga,TON,0.61796781,0.852949812,1.475642659,1.40496276,1.464457538,1.493808001,1.549346331,1.589430727,1.637551856,1.623162521,1.59069767,1.515691879,..
"PPP conversion factor, GDP (LCU per international $)",PA.NUS.PPP,Trinidad and Tobago,TTO,2.50098335,2.789613803,3.483195322,4.384252209,4.252395816,4.121887996,4.18089962,4.149242878,3.965765715,3.859908104,3.927250385,4.428929177,3.839723907
"PPP conversion factor, GDP (LCU per international $)",PA.NUS.PPP,Tunisia,TUN,0.39792864,0.506171131,0.582029228,0.691510979,0.730423356,0.751815692,0.775635421,0.810976982,0.828764498,0.837391257,0.877332568,0.843964411,0.887053251
"PPP conversion factor, GDP (LCU per international $)",PA.NUS.PPP,Turkiye,TUR,0.001186,0.281594,0.920469,1.104504,1.162141,1.241052,1.38398,1.63261,1.837125,2.111056,2.75412,4.5216,7.369334
"PPP conversion factor, GDP (LCU per international $)",PA.NUS.PPP,Turkmenistan,TKM,2.52E-07,0.456908392,1.289270164,1.636497249,1.58541392,1.540665648,1.536305666,1.491995506,1.50332972,1.529003884,1.50170362,1.556546303,1.453143987
"PPP conversion factor, GDP (LCU per international $)",PA.NUS.PPP,Turks and Caicos Islands,TCA,..,..,..,1.068357836,1.07176272,1.053490656,0.997238159,1.015220523,1.019476295,1.059441328,1.090707064,1.126451447,1.225927004
"PPP conversion factor, GDP (LCU per international $)",PA.NUS.PPP,Tuvalu,TUV,0.829172428,1.04888745,1.119657733,1.145058197,1.183760195,1.271073699,1.285912986,1.348801249,1.412396631,1.41164517,1.468527237,1.505378833,1.552609123
"PPP conversion factor, GDP (LCU per international $)",PA.NUS.PPP,Uganda,UGA,190.2467885,561.5096687,798.8103814,1065.699988,1114.238579,1196.839427,1251.634033,1253.709961,1258.258911,1240.85022,1203.160767,1178.371984,1214.19714
"PPP conversion factor, GDP (LCU per international $)",PA.NUS.PPP,Ukraine,UKR,4.23E-06,0.840580753,2.853492255,3.460409213,4.611359817,5.076235642,6.004223347,6.627536297,6.580449581,6.434979439,7.302161694,9.196098209,10.51713151
"PPP conversion factor, GDP (LCU per international $)",PA.NUS.PPP,United Arab Emirates,ARE,1.127699862,1.20109402,1.917942884,2.213516735,2.229246931,2.241748844,2.285250425,2.235158682,2.113722801,2.088984489,2.362567186,2.483869883,2.366325592
"PPP conversion factor, GDP (LCU per international $)",PA.NUS.PPP,United Kingdom,GBR,0.630602,0.704522,0.702364,0.698444,0.692365,0.688603,0.684601,0.687714,0.669665,0.653446,0.668846,0.638227,0.682911
"PPP conversion factor, GDP (LCU per international $)",PA.NUS.PPP,United States,USA,1,1,1,1,1,1,1,1,1,1,1,1,1
"PPP conversion factor, GDP (LCU per international $)",PA.NUS.PPP,Uruguay,URY,0.560218922,7.735932672,14.18771453,19.47719447,21.11119148,22.46261686,23.30475616,24.25356293,25.04502106,25.73447227,26.4622879,25.74970039,25.70808734
"PPP conversion factor, GDP (LCU per international $)",PA.NUS.PPP,Uzbekistan,UZB,0.000634014,52.95434606,505.1680638,935.2372458,1058.677683,1179.956705,1432.907178,1799.892375,2111.319555,2353.383387,2591.112305,2768.477873,3010.593752
"PPP conversion factor, GDP (LCU per international $)",PA.NUS.PPP,Vanuatu,VUT,77.33474766,91.10730731,99.80326895,99.13424125,103.9822943,104.6277773,108.3006506,109.2702077,111.0212074,112.6170355,108.4530824,112.5997259,120.9813948
"PPP conversion factor, GDP (LCU per international $)",PA.NUS.PPP,"Venezuela, RB",VEN,0.012104274,0.280528278,2.135241101,..,..,..,..,..,..,..,..,..,..
"PPP conversion factor, GDP (LCU per international $)",PA.NUS.PPP,Viet Nam,VNM,672.2770469,2780.349497,5813.188787,7379.996148,7290.148804,7163.831148,7211.599609,7275.826172,7191.188477,7064.953613,7120.01123,6915.426155,6802.470657
"PPP conversion factor, GDP (LCU per international $)",PA.NUS.PPP,Virgin Islands (U.S.),VIR,..,..,0.959083442,1.021150957,1.044012057,1.055403397,1.043415904,0.997733712,0.965312693,0.953011998,0.907823741,0.890102631,..
"PPP conversion factor, GDP (LCU per international $)",PA.NUS.PPP,West Bank and Gaza,PSE,..,0.556251407,0.650619665,0.622879739,0.567099536,0.581900097,0.592855823,0.573107484,0.5618633,0.542883355,0.649577373,0.616550667,0.571903531
"PPP conversion factor, GDP (LCU per international $)",PA.NUS.PPP,"Yemen, Rep.",YEM,6.114148136,30.26772402,70.40482104,..,..,..,..,..,..,..,..,..,..
"PPP conversion factor, GDP (LCU per international $)",PA.NUS.PPP,Zambia,ZMB,0.009566476,0.654444803,2.247209946,3.053941516,3.350555714,3.855902879,4.162864208,4.447628975,4.827852726,5.529107571,6.441287041,6.381812475,6.597185866
"PPP conversion factor, GDP (LCU per international $)",PA.NUS.PPP,Zimbabwe,ZWE,0.758628069,0.395960639,0.519782041,0.537396812,0.523839856,0.503224091,0.613429013,1.771057671,4.326242859,25.29500516,63.40471676,217.2018031,2141.726166
"PPP conversion factor, GDP (LCU per international $)",PA.NUS.PPP,Africa Eastern and Southern,AFE,..,..,..,..,..,..,..,..,..,..,..,..,..
"PPP conversion factor, GDP (LCU per international $)",PA.NUS.PPP,Africa Western and Central,AFW,..,..,..,..,..,..,..,..,..,..,..,..,..
"PPP conversion factor, GDP (LCU per international $)",PA.NUS.PPP,Arab World,ARB,..,..,..,..,..,..,..,..,..,..,..,..,..
"PPP conversion factor, GDP (LCU per international $)",PA.NUS.PPP,Caribbean small states,CSS,..,..,..,..,..,..,..,..,..,..,..,..,..
"PPP conversion factor, GDP (LCU per international $)",PA.NUS.PPP,Central Europe and the Baltics,CEB,..,..,..,..,..,..,..,..,..,..,..,..,..
"PPP conversion factor, GDP (LCU per international $)",PA.NUS.PPP,Early-demographic dividend,EAR,..,..,..,..,..,..,..,..,..,..,..,..,..
"PPP conversion factor, GDP (LCU per international $)",PA.NUS.PPP,East Asia & Pacific,EAS,..,..,..,..,..,..,..,..,..,..,..,..,..
"PPP conversion factor, GDP (LCU per international $)",PA.NUS.PPP,East Asia & Pacific (excluding high income),EAP,..,..,..,..,..,..,..,..,..,..,..,..,..
"PPP conversion factor, GDP (LCU per international $)",PA.NUS.PPP,East Asia & Pacific (IDA & IBRD countries),TEA,..,..,..,..,..,..,..,..,..,..,..,..,..
"PPP conversion factor, GDP (LCU per international $)",PA.NUS.PPP,Euro area,EMU,..,..,..,..,..,..,..,..,..,..,..,..,..
"PPP conversion factor, GDP (LCU per international $)",PA.NUS.PPP,Europe & Central Asia,ECS,..,..,..,..,..,..,..,..,..,..,..,..,..
"PPP conversion factor, GDP (LCU per international $)",PA.NUS.PPP,Europe & Central Asia (excluding high income),ECA,..,..,..,..,..,..,..,..,..,..,..,..,..
"PPP conversion factor, GDP (LCU per international $)",PA.NUS.PPP,Europe & Central Asia (IDA & IBRD countries),TEC,..,..,..,..,..,..,..,..,..,..,..,..,..
"PPP conversion factor, GDP (LCU per international $)",PA.NUS.PPP,European Union,EUU,..,..,..,..,..,..,..,..,..,..,..,..,..
"PPP conversion factor, GDP (LCU per international $)",PA.NUS.PPP,Fragile and conflict affected situations,FCS,..,..,..,..,..,..,..,..,..,..,..,..,..
"PPP conversion factor, GDP (LCU per international $)",PA.NUS.PPP,Heavily indebted poor countries (HIPC),HPC,..,..,..,..,..,..,..,..,..,..,..,..,..
"PPP conversion factor, GDP (LCU per international $)",PA.NUS.PPP,High income,HIC,..,..,..,..,..,..,..,..,..,..,..,..,..
"PPP conversion factor, GDP (LCU per international $)",PA.NUS.PPP,IBRD only,IBD,..,..,..,..,..,..,..,..,..,..,..,..,..
"PPP conversion factor, GDP (LCU per international $)",PA.NUS.PPP,IDA & IBRD total,IBT,..,..,..,..,..,..,..,..,..,..,..,..,..
"PPP conversion factor, GDP (LCU per international $)",PA.NUS.PPP,IDA blend,IDB,..,..,..,..,..,..,..,..,..,..,..,..,..
"PPP conversion factor, GDP (LCU per international $)",PA.NUS.PPP,IDA only,IDX,..,..,..,..,..,..,..,..,..,..,..,..,..
"PPP conversion factor, GDP (LCU per international $)",PA.NUS.PPP,IDA total,IDA,..,..,..,..,..,..,..,..,..,..,..,..,..
"PPP conversion factor, GDP (LCU per international $)",PA.NUS.PPP,Late-demographic dividend,LTE,..,..,..,..,..,..,..,..,..,..,..,..,..
"PPP conversion factor, GDP (LCU per international $)",PA.NUS.PPP,Latin America & Caribbean,LCN,..,..,..,..,..,..,..,..,..,..,..,..,..
"PPP conversion factor, GDP (LCU per international $)",PA.NUS.PPP,Latin America & Caribbean (excluding high income),LAC,..,..,..,..,..,..,..,..,..,..,..,..,..
"PPP conversion factor, GDP (LCU per international $)",PA.NUS.PPP,Latin America & the Caribbean (IDA & IBRD countries),TLA,..,..,..,..,..,..,..,..,..,..,..,..,..
"PPP conversion factor, GDP (LCU per international $)",PA.NUS.PPP,Least developed countries: UN classification,LDC,..,..,..,..,..,..,..,..,..,..,..,..,..
"PPP conversion factor, GDP (LCU per international $)",PA.NUS.PPP,Low & middle income,LMY,..,..,..,..,..,..,..,..,..,..,..,..,..
"PPP conversion factor, GDP (LCU per international $)",PA.NUS.PPP,Low income,LIC,..,..,..,..,..,..,..,..,..,..,..,..,..
"PPP conversion factor, GDP (LCU per international $)",PA.NUS.PPP,Lower middle income,LMC,..,..,..,..,..,..,..,..,..,..,..,..,..
"PPP conversion factor, GDP (LCU per international $)",PA.NUS.PPP,Middle East & North Africa,MEA,..,..,..,..,..,..,..,..,..,..,..,..,..
"PPP conversion factor, GDP (LCU per international $)",PA.NUS.PPP,Middle East & North Africa (excluding high income),MNA,..,..,..,..,..,..,..,..,..,..,..,..,..
"PPP conversion factor, GDP (LCU per international $)",PA.NUS.PPP,Middle East & North Africa (IDA & IBRD countries),TMN,..,..,..,..,..,..,..,..,..,..,..,..,..
"PPP conversion factor, GDP (LCU per international $)",PA.NUS.PPP,Middle income,MIC,..,..,..,..,..,..,..,..,..,..,..,..,..
"PPP conversion factor, GDP (LCU per international $)",PA.NUS.PPP,North America,NAC,..,..,..,..,..,..,..,..,..,..,..,..,..
"PPP conversion factor, GDP (LCU per international $)",PA.NUS.PPP,Not classified,INX,..,..,..,..,..,..,..,..,..,..,..,..,..
"PPP conversion factor, GDP (LCU per international $)",PA.NUS.PPP,OECD members,OED,..,..,..,..,..,..,..,..,..,..,..,..,..
"PPP conversion factor, GDP (LCU per international $)",PA.NUS.PPP,Other small states,OSS,..,..,..,..,..,..,..,..,..,..,..,..,..
"PPP conversion factor, GDP (LCU per international $)",PA.NUS.PPP,Pacific island small states,PSS,..,..,..,..,..,..,..,..,..,..,..,..,..
"PPP conversion factor, GDP (LCU per international $)",PA.NUS.PPP,Post-demographic dividend,PST,..,..,..,..,..,..,..,..,..,..,..,..,..
"PPP conversion factor, GDP (LCU per international $)",PA.NUS.PPP,Pre-demographic dividend,PRE,..,..,..,..,..,..,..,..,..,..,..,..,..
"PPP conversion factor, GDP (LCU per international $)",PA.NUS.PPP,Small states,SST,..,..,..,..,..,..,..,..,..,..,..,..,..
"PPP conversion factor, GDP (LCU per international $)",PA.NUS.PPP,South Asia,SAS,..,..,..,..,..,..,..,..,..,..,..,..,..
"PPP conversion factor, GDP (LCU per international $)",PA.NUS.PPP,South Asia (IDA & IBRD),TSA,..,..,..,..,..,..,..,..,..,..,..,..,..
"PPP conversion factor, GDP (LCU per international $)",PA.NUS.PPP,Sub-Saharan Africa,SSF,..,..,..,..,..,..,..,..,..,..,..,..,..
"PPP conversion factor, GDP (LCU per international $)",PA.NUS.PPP,Sub-Saharan Africa (excluding high income),SSA,..,..,..,..,..,..,..,..,..,..,..,..,..
"PPP conversion factor, GDP (LCU per international $)",PA.NUS.PPP,Sub-Saharan Africa (IDA & IBRD countries),TSS,..,..,..,..,..,..,..,..,..,..,..,..,..
"PPP conversion factor, GDP (LCU per international $)",PA.NUS.PPP,Upper middle income,UMC,..,..,..,..,..,..,..,..,..,..,..,..,..
"PPP conversion factor, GDP (LCU per international $)",PA.NUS.PPP,World,WLD,..,..,..,..,..,..,..,..,..,..,..,..,..
,,,,,,,,,,,,,,,,
,,,,,,,,,,,,,,,,
,,,,,,,,,,,,,,,,
Data from database: World Development Indicators,,,,,,,,,,,,,,,,
Last Updated: 01/28/2025,,,,,,,,,,,,,,,,
